customerID,monthlyCharge,tenure,totalCharge,planID,churn
C000001,56.22,37,2080.14,P1,no
C000002,96.55,2,193.1,P7,no
C000003,81.24,15,1218.6,P2,no
C000004,,39,,P1,no
C000005,40.92,1,40.92,P3,yes
C000006,40.92,40,1636.8,P4,no
C000007,34.07,11,374.77,P6,no
C000008,90.63,34,3081.42,P5,no
C000009,72.08,64,,P4,no
C000010,79.57,54,4296.78,P8,no
C000011,31.44,44,1383.36,P4,no
C000012,97.89,78,,P2,no
C000013,88.27,61,5384.47,P3,no
C000014,44.86,48,2153.28,P6,yes
C000015,42.73,24,1025.52,P8,yes
C000016,42.84,22,942.48,P8,no
C000017,51.3,23,1179.9,P9,no
C000018,66.73,37,2469.01,P7,no
C000019,60.24,27,1626.48,P2,no
C000020,50.39,20,,P8,no
C000021,72.83,53,3859.99,P7,no
C000022,39.76,17,675.92,P8,no
C000023,50.45,35,1765.75,P3,no
C000024,55.65,44,,P7,no
C000025,,72,,P9,no
C000026,84.96,52,4417.92,P3,no
C000027,43.98,29,1275.42,P6,no
C000028,66.0,59,3894.0,P2,no
C000029,71.47,31,2215.57,P2,no
C000030,33.25,66,2194.5,P5,no
C000031,72.53,66,4786.98,P5,no
C000032,41.94,27,1132.38,P7,yes
C000033,34.55,43,,P2,no
C000034,,78,,P7,no
C000035,97.59,40,3903.6,P5,no
C000036,86.59,62,5368.58,P6,yes
C000037,51.32,22,1129.04,P8,no
C000038,36.84,74,2726.16,P4,no
C000039,77.9,47,3661.3,P7,no
C000040,60.81,31,1885.11,P6,no
C000041,38.54,56,,P2,no
C000042,64.66,32,2069.12,P8,no
C000043,32.41,23,745.43,P9,no
C000044,93.65,38,3558.7,P5,no
C000045,48.11,33,1587.63,P4,yes
C000046,76.38,55,4200.9,P6,yes
C000047,51.82,27,1399.14,P8,yes
C000048,,36,,P3,no
C000049,68.27,6,409.62,P1,no
C000050,42.94,67,2876.98,P4,no
C000051,97.87,36,3523.32,P4,no
C000052,84.26,55,4634.3,P1,no
C000053,95.76,64,6128.64,P9,no
C000054,92.64,64,5928.96,P3,no
C000055,71.85,46,3305.1,P5,no
C000056,94.53,19,1796.07,P6,no
C000057,,18,,P8,no
C000058,43.72,28,1224.16,P6,yes
C000059,33.17,73,2421.41,P3,no
C000060,52.77,59,3113.43,P6,no
C000061,57.21,17,972.57,P1,no
C000062,48.99,34,1665.66,P4,no
C000063,88.01,42,3696.42,P6,no
C000064,54.97,10,549.7,P7,no
C000065,49.67,48,2384.16,P3,no
C000066,67.99,37,2515.63,P9,no
C000067,39.86,63,2511.18,P7,no
C000068,86.15,68,5858.2,P1,no
C000069,35.22,7,246.54,P2,no
C000070,99.08,33,3269.64,P1,no
C000071,84.06,47,3950.82,P9,no
C000072,43.91,55,2415.05,P9,no
C000073,30.39,75,2279.25,P7,yes
C000074,87.08,64,5573.12,P3,yes
C000075,79.48,30,2384.4,P5,no
C000076,81.03,3,243.09,P4,no
C000077,83.99,49,4115.51,P7,no
C000078,35.18,68,,P9,no
C000079,55.09,29,,P2,no
C000080,38.11,58,,P8,no
C000081,90.42,66,,P9,no
C000082,73.63,74,5448.62,P9,no
C000083,53.16,44,2339.04,P7,no
C000084,34.45,3,103.35,P9,no
C000085,51.77,25,1294.25,P9,no
C000086,52.76,26,1371.76,P3,no
C000087,81.07,45,3648.15,P4,no
C000088,74.63,63,4701.69,P2,yes
C000089,92.1,50,4605.0,P3,yes
C000090,63.06,49,3089.94,P5,no
C000091,38.37,5,191.85,P5,no
C000092,79.93,58,4635.94,P6,no
C000093,83.25,14,1165.5,P7,yes
C000094,69.29,29,2009.41,P7,no
C000095,83.97,41,3442.77,P1,no
C000096,64.57,36,2324.52,P2,no
C000097,66.59,41,2730.19,P9,no
C000098,59.93,34,2037.62,P2,no
C000099,31.78,5,158.9,P6,no
C000100,37.55,67,2515.85,P1,no
C000101,32.2,17,547.4,P3,no
C000102,74.55,72,5367.6,P2,no
C000103,52.0,28,1456.0,P3,no
C000104,65.6,76,4985.6,P5,no
C000105,,58,,P6,no
C000106,47.45,46,2182.7,P9,no
C000107,58.73,16,939.68,P4,no
C000108,82.89,21,1740.69,P7,no
C000109,46.02,67,3083.34,P6,no
C000110,35.39,68,2406.52,P2,no
C000111,50.28,36,1810.08,P8,no
C000112,41.29,48,1981.92,P7,no
C000113,95.08,12,1140.96,P7,no
C000114,86.57,33,2856.81,P8,no
C000115,74.34,52,3865.68,P1,no
C000116,91.0,50,4550.0,P1,no
C000117,86.26,2,172.52,P8,no
C000118,43.06,41,1765.46,P4,no
C000119,92.48,31,2866.88,P5,no
C000120,67.75,50,3387.5,P8,no
C000121,86.52,45,3893.4,P5,no
C000122,92.73,20,1854.6,P4,no
C000123,52.26,43,,P6,no
C000124,37.7,10,377.0,P5,no
C000125,45.96,67,3079.32,P7,no
C000126,59.9,0,0.0,P7,no
C000127,87.26,62,5410.12,P4,no
C000128,,23,,P5,no
C000129,30.49,12,365.88,P3,no
C000130,65.75,10,657.5,P4,no
C000131,59.22,50,2961.0,P4,no
C000132,45.55,16,728.8,P3,no
C000133,38.39,23,882.97,P5,no
C000134,,18,,P5,no
C000135,96.0,36,3456.0,P7,yes
C000136,52.62,7,368.34,P4,no
C000137,66.32,27,1790.64,P4,no
C000138,79.21,4,316.84,P9,no
C000139,55.45,16,887.2,P6,no
C000140,98.02,35,3430.7,P4,no
C000141,97.37,18,1752.66,P2,no
C000142,47.62,63,3000.06,P6,no
C000143,64.81,10,648.1,P2,no
C000144,51.06,53,2706.18,P5,no
C000145,49.94,44,2197.36,P6,no
C000146,32.58,46,1498.68,P4,yes
C000147,72.67,11,799.37,P3,no
C000148,,20,,P7,no
C000149,33.6,10,336.0,P2,no
C000150,49.51,4,198.04,P6,no
C000151,93.58,55,5146.9,P4,yes
C000152,46.77,19,888.63,P6,no
C000153,40.14,40,1605.6,P4,no
C000154,64.26,45,,P4,no
C000155,,11,,P4,no
C000156,46.94,69,3238.86,P9,no
C000157,77.05,16,,P7,no
C000158,83.31,18,1499.58,P3,no
C000159,46.63,25,1165.75,P3,no
C000160,80.98,47,3806.06,P6,no
C000161,55.74,51,2842.74,P6,yes
C000162,74.26,69,,P4,no
C000163,74.35,54,4014.9,P9,no
C000164,67.5,74,4995.0,P4,no
C000165,36.32,32,1162.24,P9,no
C000166,88.47,61,5396.67,P4,no
C000167,52.45,22,1153.9,P2,no
C000168,43.06,14,602.84,P2,no
C000169,32.85,26,,P5,no
C000170,71.36,74,5280.64,P4,no
C000171,77.43,63,4878.09,P7,no
C000172,31.16,50,1558.0,P5,no
C000173,65.85,52,3424.2,P6,yes
C000174,45.85,77,3530.45,P4,no
C000175,75.16,50,3758.0,P2,no
C000176,42.21,46,1941.66,P9,no
C000177,,3,,P7,no
C000178,57.07,6,342.42,P4,yes
C000179,95.57,34,3249.38,P3,no
C000180,,47,,P3,no
C000181,53.87,72,3878.64,P9,no
C000182,,71,,P5,no
C000183,94.73,44,4168.12,P3,no
C000184,91.41,71,6490.11,P5,no
C000185,48.06,18,865.08,P2,yes
C000186,76.2,62,4724.4,P4,no
C000187,87.21,37,3226.77,P2,no
C000188,68.86,66,4544.76,P2,no
C000189,67.08,58,3890.64,P8,no
C000190,,68,,P1,no
C000191,36.52,12,438.24,P7,no
C000192,92.81,46,4269.26,P5,no
C000193,93.03,60,5581.8,P8,no
C000194,74.32,30,2229.6,P1,no
C000195,53.73,79,4244.67,P7,no
C000196,54.44,21,1143.24,P5,no
C000197,80.82,42,3394.44,P4,no
C000198,92.8,66,6124.8,P7,yes
C000199,92.1,53,4881.3,P2,no
C000200,84.59,9,761.31,P1,no
C000201,74.94,41,3072.54,P1,no
C000202,35.89,63,2261.07,P1,no
C000203,41.31,20,,P5,no
C000204,92.9,79,7339.1,P7,no
C000205,72.45,75,5433.75,P2,no
C000206,30.64,65,1991.6,P8,no
C000207,37.1,40,1484.0,P4,yes
C000208,76.45,23,1758.35,P3,no
C000209,30.35,34,1031.9,P8,no
C000210,41.26,55,2269.3,P2,no
C000211,68.41,29,1983.89,P3,no
C000212,78.43,56,4392.08,P3,yes
C000213,75.64,46,3479.44,P1,no
C000214,45.7,34,1553.8,P6,yes
C000215,79.85,18,1437.3,P2,no
C000216,46.61,7,326.27,P1,yes
C000217,52.78,25,1319.5,P2,no
C000218,82.25,70,5757.5,P6,no
C000219,75.47,29,2188.63,P4,no
C000220,89.45,6,536.7,P6,no
C000221,76.03,66,5017.98,P9,yes
C000222,69.78,64,4465.92,P8,no
C000223,36.56,35,1279.6,P1,no
C000224,55.74,24,1337.76,P8,no
C000225,48.56,36,,P9,yes
C000226,47.08,0,0.0,P6,no
C000227,98.11,14,1373.54,P5,no
C000228,57.52,36,,P6,no
C000229,92.44,12,1109.28,P6,no
C000230,74.18,7,519.26,P9,no
C000231,85.64,4,342.56,P4,no
C000232,65.18,59,3845.62,P2,no
C000233,70.38,72,5067.36,P9,no
C000234,64.48,0,0.0,P2,no
C000235,43.67,35,1528.45,P9,no
C000236,80.57,34,2739.38,P2,no
C000237,49.65,65,3227.25,P8,no
C000238,31.7,62,1965.4,P9,yes
C000239,75.18,22,1653.96,P9,no
C000240,42.4,8,339.2,P9,no
C000241,95.83,33,3162.39,P2,no
C000242,96.78,45,4355.1,P4,no
C000243,94.04,77,7241.08,P7,no
C000244,,3,,P2,no
C000245,31.08,29,901.32,P1,no
C000246,94.98,74,7028.52,P3,no
C000247,59.97,71,4257.87,P4,no
C000248,97.67,2,195.34,P8,no
C000249,97.45,13,1266.85,P6,no
C000250,89.71,59,5292.89,P2,yes
C000251,50.61,76,3846.36,P9,no
C000252,,44,,P2,no
C000253,89.58,33,2956.14,P5,no
C000254,52.18,44,2295.92,P4,yes
C000255,41.86,60,2511.6,P7,yes
C000256,,15,,P8,no
C000257,95.53,65,6209.45,P5,no
C000258,78.72,39,3070.08,P5,no
C000259,69.9,16,1118.4,P2,no
C000260,,33,,P8,yes
C000261,73.05,15,1095.75,P2,no
C000262,99.3,59,5858.7,P6,no
C000263,39.81,65,2587.65,P8,no
C000264,66.28,65,4308.2,P6,no
C000265,91.42,12,1097.04,P4,no
C000266,81.85,55,4501.75,P4,no
C000267,78.79,30,2363.7,P6,no
C000268,79.17,33,2612.61,P4,no
C000269,55.16,38,2096.08,P8,no
C000270,50.55,66,3336.3,P9,no
C000271,86.66,7,606.62,P1,no
C000272,86.71,77,6676.67,P4,no
C000273,90.7,54,4897.8,P4,no
C000274,93.93,26,2442.18,P2,no
C000275,65.79,52,3421.08,P6,no
C000276,65.11,38,2474.18,P3,no
C000277,85.88,64,5496.32,P7,yes
C000278,75.5,16,1208.0,P5,no
C000279,79.14,29,2295.06,P4,no
C000280,,52,,P5,no
C000281,92.3,12,1107.6,P8,no
C000282,53.66,20,1073.2,P3,no
C000283,,18,,P7,no
C000284,36.58,52,1902.16,P6,no
C000285,70.48,18,1268.64,P1,no
C000286,32.52,56,1821.12,P7,no
C000287,62.59,24,1502.16,P7,no
C000288,67.99,30,2039.7,P1,no
C000289,50.06,54,2703.24,P9,no
C000290,71.36,22,1569.92,P6,no
C000291,32.14,31,996.34,P2,no
C000292,32.61,61,1989.21,P5,no
C000293,87.58,73,6393.34,P4,no
C000294,55.21,9,,P7,no
C000295,38.89,71,2761.19,P8,no
C000296,66.56,53,3527.68,P1,no
C000297,83.9,51,4278.9,P5,no
C000298,45.11,19,857.09,P3,no
C000299,73.6,31,2281.6,P1,yes
C000300,35.97,13,467.61,P3,no
C000301,33.62,49,1647.38,P6,no
C000302,67.19,27,1814.13,P7,no
C000303,67.84,52,3527.68,P8,no
C000304,74.62,23,1716.26,P4,no
C000305,80.83,78,6304.74,P3,no
C000306,98.31,21,2064.51,P5,yes
C000307,66.14,29,1918.06,P9,no
C000308,52.61,62,3261.82,P6,no
C000309,85.66,3,256.98,P9,no
C000310,48.96,76,3720.96,P6,no
C000311,60.73,58,3522.34,P2,no
C000312,35.49,7,248.43,P5,no
C000313,31.77,11,349.47,P9,no
C000314,97.39,30,2921.7,P8,no
C000315,,77,,P7,no
C000316,78.72,33,2597.76,P1,no
C000317,58.63,74,4338.62,P4,no
C000318,42.13,75,3159.75,P7,no
C000319,40.95,48,1965.6,P7,no
C000320,47.52,78,3706.56,P6,yes
C000321,68.45,56,3833.2,P8,no
C000322,80.02,25,2000.5,P6,no
C000323,76.21,17,1295.57,P3,no
C000324,49.6,37,1835.2,P4,no
C000325,96.84,49,4745.16,P3,no
C000326,81.65,7,571.55,P1,no
C000327,68.8,40,2752.0,P5,yes
C000328,72.82,5,364.1,P1,no
C000329,59.37,68,,P1,no
C000330,47.34,43,2035.62,P2,no
C000331,54.92,63,3459.96,P4,no
C000332,83.05,28,2325.4,P6,no
C000333,31.01,27,837.27,P8,no
C000334,38.13,10,381.3,P3,no
C000335,33.22,64,2126.08,P1,no
C000336,32.85,18,591.3,P3,no
C000337,89.88,8,719.04,P3,no
C000338,79.26,26,2060.76,P5,yes
C000339,63.19,33,2085.27,P4,no
C000340,36.85,43,1584.55,P4,no
C000341,64.41,67,4315.47,P9,no
C000342,,14,,P7,no
C000343,42.12,50,2106.0,P4,no
C000344,60.37,12,724.44,P3,no
C000345,57.9,48,2779.2,P6,no
C000346,73.11,69,5044.59,P3,no
C000347,74.46,55,4095.3,P6,no
C000348,33.17,75,2487.75,P9,no
C000349,56.22,50,2811.0,P6,no
C000350,73.81,36,2657.16,P4,no
C000351,65.22,16,1043.52,P5,yes
C000352,89.95,57,5127.15,P6,yes
C000353,76.11,28,2131.08,P3,yes
C000354,41.41,32,1325.12,P8,no
C000355,34.94,59,2061.46,P4,no
C000356,74.97,54,4048.38,P8,no
C000357,31.86,9,,P3,no
C000358,71.0,46,3266.0,P7,no
C000359,95.82,22,2108.04,P9,no
C000360,70.28,20,1405.6,P4,no
C000361,57.17,12,686.04,P8,no
C000362,75.03,32,2400.96,P3,no
C000363,62.08,23,1427.84,P7,no
C000364,68.19,10,681.9,P3,yes
C000365,95.9,16,1534.4,P7,yes
C000366,57.03,67,3821.01,P6,yes
C000367,97.28,46,4474.88,P2,no
C000368,93.37,24,2240.88,P3,no
C000369,43.71,72,3147.12,P6,no
C000370,34.86,20,697.2,P4,no
C000371,37.05,11,407.55,P6,no
C000372,31.28,36,1126.08,P1,no
C000373,,41,,P1,yes
C000374,77.81,16,1244.96,P3,no
C000375,34.98,47,1644.06,P8,no
C000376,52.33,27,1412.91,P8,no
C000377,89.14,40,3565.6,P4,no
C000378,31.63,46,1454.98,P6,no
C000379,87.01,17,1479.17,P8,no
C000380,49.73,77,3829.21,P7,no
C000381,38.27,70,2678.9,P7,no
C000382,78.77,12,945.24,P4,no
C000383,74.03,12,888.36,P9,yes
C000384,91.42,30,2742.6,P6,yes
C000385,81.45,1,81.45,P3,no
C000386,86.24,15,1293.6,P5,yes
C000387,49.74,8,397.92,P5,no
C000388,42.42,72,3054.24,P5,no
C000389,82.54,37,3053.98,P8,no
C000390,86.48,74,6399.52,P9,no
C000391,99.34,53,5265.02,P9,no
C000392,58.88,55,3238.4,P6,no
C000393,56.04,44,2465.76,P6,no
C000394,84.35,33,2783.55,P9,no
C000395,53.86,8,430.88,P4,no
C000396,95.15,7,666.05,P6,no
C000397,90.09,6,540.54,P4,no
C000398,60.03,35,,P1,no
C000399,82.56,17,1403.52,P7,yes
C000400,82.82,2,165.64,P6,no
C000401,37.22,27,1004.94,P9,yes
C000402,93.18,69,6429.42,P7,no
C000403,65.37,43,2810.91,P7,yes
C000404,87.85,20,1757.0,P2,no
C000405,,27,,P9,no
C000406,92.69,53,4912.57,P9,no
C000407,57.24,53,3033.72,P6,no
C000408,30.76,64,1968.64,P3,no
C000409,93.38,20,1867.6,P1,no
C000410,36.39,12,436.68,P4,no
C000411,52.35,56,2931.6,P3,no
C000412,96.5,48,4632.0,P1,no
C000413,96.54,53,5116.62,P3,yes
C000414,70.14,9,631.26,P4,no
C000415,74.23,52,3859.96,P8,yes
C000416,61.39,43,2639.77,P9,no
C000417,50.52,46,2323.92,P3,no
C000418,53.01,52,2756.52,P6,no
C000419,77.08,73,5626.84,P5,no
C000420,82.67,45,3720.15,P6,no
C000421,85.41,12,1024.92,P4,no
C000422,85.27,36,3069.72,P6,no
C000423,36.38,23,836.74,P7,no
C000424,64.61,1,64.61,P9,no
C000425,34.03,13,442.39,P7,no
C000426,68.47,9,616.23,P6,no
C000427,60.91,34,2070.94,P1,no
C000428,92.14,24,2211.36,P2,no
C000429,54.56,2,109.12,P1,no
C000430,38.19,16,611.04,P9,yes
C000431,40.01,11,440.11,P9,no
C000432,83.31,53,4415.43,P7,no
C000433,73.28,23,1685.44,P2,no
C000434,37.08,28,1038.24,P6,no
C000435,35.89,42,1507.38,P4,yes
C000436,,24,,P1,no
C000437,35.09,59,2070.31,P1,no
C000438,87.53,64,5601.92,P5,no
C000439,,27,,P2,no
C000440,35.69,15,535.35,P4,yes
C000441,35.94,46,1653.24,P1,no
C000442,99.06,57,5646.42,P4,no
C000443,56.2,75,4215.0,P6,no
C000444,55.94,26,1454.44,P4,no
C000445,86.9,52,4518.8,P1,no
C000446,96.31,41,3948.71,P7,no
C000447,99.02,58,5743.16,P2,no
C000448,82.74,46,3806.04,P9,no
C000449,56.34,33,1859.22,P3,no
C000450,35.85,36,1290.6,P8,no
C000451,84.4,5,422.0,P8,no
C000452,69.09,6,,P3,no
C000453,59.7,24,1432.8,P4,no
C000454,93.44,32,2990.08,P2,no
C000455,37.78,54,2040.12,P4,yes
C000456,64.48,57,3675.36,P9,no
C000457,30.79,6,184.74,P2,yes
C000458,62.81,56,3517.36,P3,no
C000459,33.94,11,373.34,P4,no
C000460,38.32,15,574.8,P5,no
C000461,38.23,79,3020.17,P1,no
C000462,75.44,42,3168.48,P7,no
C000463,82.22,76,6248.72,P7,no
C000464,70.84,6,425.04,P9,no
C000465,97.35,50,4867.5,P4,no
C000466,56.24,72,4049.28,P6,no
C000467,50.0,31,1550.0,P2,no
C000468,90.8,74,6719.2,P4,no
C000469,45.65,7,319.55,P2,no
C000470,,71,,P5,no
C000471,,44,,P7,no
C000472,97.89,58,5677.62,P1,yes
C000473,33.02,3,99.06,P7,no
C000474,92.38,66,6097.08,P6,no
C000475,66.94,28,1874.32,P6,no
C000476,99.51,28,2786.28,P8,no
C000477,35.17,27,949.59,P8,no
C000478,68.77,76,5226.52,P6,no
C000479,97.85,78,7632.3,P3,no
C000480,66.62,43,2864.66,P5,yes
C000481,74.06,3,222.18,P2,no
C000482,78.7,8,629.6,P5,no
C000483,61.82,4,247.28,P9,no
C000484,73.93,55,4066.15,P1,yes
C000485,70.9,49,3474.1,P5,no
C000486,93.08,74,6887.92,P6,no
C000487,33.18,14,464.52,P7,no
C000488,49.67,31,1539.77,P9,no
C000489,96.53,27,2606.31,P6,no
C000490,92.32,21,1938.72,P5,no
C000491,,16,,P7,yes
C000492,73.41,58,,P1,no
C000493,49.42,70,,P5,no
C000494,,56,,P2,no
C000495,62.46,25,1561.5,P4,no
C000496,54.73,24,1313.52,P7,no
C000497,70.86,9,637.74,P5,no
C000498,35.44,44,1559.36,P6,yes
C000499,98.21,10,982.1,P2,no
C000500,99.03,76,7526.28,P3,no
C000501,78.87,52,4101.24,P7,no
C000502,67.53,71,4794.63,P2,no
C000503,51.67,67,3461.89,P6,yes
C000504,86.97,27,2348.19,P5,no
C000505,77.93,74,5766.82,P1,no
C000506,41.38,64,2648.32,P4,no
C000507,93.76,48,4500.48,P2,no
C000508,87.58,46,4028.68,P4,no
C000509,96.49,51,4920.99,P1,no
C000510,80.8,53,4282.4,P2,no
C000511,72.94,59,4303.46,P8,no
C000512,59.28,56,3319.68,P6,no
C000513,95.29,46,4383.34,P2,no
C000514,,30,,P6,no
C000515,33.17,45,1492.65,P9,no
C000516,31.85,25,796.25,P7,no
C000517,56.35,4,225.4,P9,no
C000518,86.74,51,4423.74,P5,no
C000519,99.11,74,7334.14,P7,no
C000520,40.53,53,2148.09,P7,no
C000521,71.59,32,2290.88,P3,no
C000522,56.66,49,2776.34,P7,no
C000523,97.89,37,3621.93,P1,no
C000524,88.95,26,2312.7,P9,no
C000525,88.68,14,1241.52,P6,no
C000526,62.81,60,3768.6,P5,no
C000527,59.04,20,1180.8,P7,no
C000528,49.14,45,2211.3,P5,yes
C000529,33.95,68,2308.6,P5,no
C000530,90.53,5,452.65,P7,no
C000531,86.9,37,3215.3,P7,no
C000532,99.98,61,6098.78,P3,no
C000533,99.76,61,6085.36,P3,no
C000534,68.88,77,5303.76,P3,no
C000535,83.83,73,6119.59,P6,no
C000536,96.13,45,4325.85,P6,no
C000537,89.48,12,1073.76,P3,no
C000538,47.31,2,,P3,no
C000539,61.54,5,307.7,P8,no
C000540,39.04,7,273.28,P8,no
C000541,96.78,43,4161.54,P7,no
C000542,72.43,32,2317.76,P4,no
C000543,46.0,74,,P4,no
C000544,77.02,76,5853.52,P3,no
C000545,,49,,P5,no
C000546,55.07,10,550.7,P3,no
C000547,37.95,27,1024.65,P8,no
C000548,77.01,69,5313.69,P7,no
C000549,66.42,40,2656.8,P3,no
C000550,84.06,15,1260.9,P9,yes
C000551,66.41,67,4449.47,P5,no
C000552,89.65,47,4213.55,P9,no
C000553,68.63,55,3774.65,P7,no
C000554,69.27,63,4364.01,P7,no
C000555,91.37,58,5299.46,P6,yes
C000556,58.24,61,,P2,no
C000557,39.38,75,2953.5,P9,no
C000558,32.01,10,320.1,P6,no
C000559,82.86,17,1408.62,P8,no
C000560,73.42,18,1321.56,P1,yes
C000561,79.29,54,4281.66,P5,yes
C000562,44.91,25,1122.75,P1,no
C000563,39.55,5,197.75,P8,no
C000564,31.02,3,93.06,P8,no
C000565,54.54,28,1527.12,P1,no
C000566,71.29,58,4134.82,P9,no
C000567,57.46,16,919.36,P2,no
C000568,60.62,42,2546.04,P9,no
C000569,93.29,79,7369.91,P1,no
C000570,54.38,65,3534.7,P9,no
C000571,65.98,33,2177.34,P4,no
C000572,84.86,7,594.02,P9,no
C000573,57.76,12,693.12,P7,no
C000574,73.55,7,514.85,P6,no
C000575,90.37,64,5783.68,P5,no
C000576,96.47,42,4051.74,P9,yes
C000577,40.3,38,1531.4,P2,no
C000578,,58,,P2,no
C000579,64.45,43,2771.35,P9,no
C000580,48.08,8,384.64,P3,no
C000581,62.14,36,2237.04,P8,yes
C000582,98.6,73,7197.8,P9,no
C000583,64.48,35,2256.8,P8,yes
C000584,53.01,27,1431.27,P4,no
C000585,74.34,41,3047.94,P1,no
C000586,46.81,42,1966.02,P4,no
C000587,35.31,41,,P9,no
C000588,39.02,65,2536.3,P2,no
C000589,38.96,54,2103.84,P3,no
C000590,40.63,71,2884.73,P8,no
C000591,39.72,47,1866.84,P6,yes
C000592,74.86,21,1572.06,P8,no
C000593,42.73,26,1110.98,P7,no
C000594,54.2,66,3577.2,P5,no
C000595,92.78,12,1113.36,P9,no
C000596,63.18,44,2779.92,P4,no
C000597,76.73,9,690.57,P6,no
C000598,42.06,8,336.48,P2,no
C000599,43.46,53,2303.38,P2,no
C000600,32.86,26,,P2,no
C000601,41.83,33,1380.39,P7,no
C000602,49.5,0,0.0,P2,no
C000603,42.39,31,1314.09,P2,no
C000604,36.21,70,2534.7,P9,no
C000605,38.44,66,2537.04,P7,no
C000606,62.25,19,1182.75,P3,yes
C000607,44.44,34,1510.96,P3,no
C000608,55.5,77,4273.5,P7,no
C000609,65.24,16,1043.84,P5,no
C000610,78.33,17,1331.61,P6,no
C000611,32.75,44,1441.0,P8,no
C000612,,52,,P9,no
C000613,73.95,67,4954.65,P1,yes
C000614,35.72,64,2286.08,P3,no
C000615,91.15,0,0.0,P7,no
C000616,94.46,57,5384.22,P6,no
C000617,34.28,25,857.0,P7,no
C000618,49.38,19,,P8,no
C000619,86.43,9,777.87,P6,no
C000620,82.38,58,4778.04,P3,no
C000621,42.92,74,3176.08,P2,yes
C000622,44.65,40,1786.0,P7,no
C000623,55.93,4,223.72,P1,no
C000624,63.92,64,4090.88,P3,no
C000625,73.28,16,1172.48,P4,no
C000626,55.82,21,1172.22,P1,no
C000627,62.38,40,2495.2,P5,no
C000628,82.32,67,5515.44,P3,no
C000629,32.57,68,2214.76,P2,no
C000630,47.67,10,476.7,P3,no
C000631,79.93,55,4396.15,P8,no
C000632,92.66,50,4633.0,P6,no
C000633,65.82,20,1316.4,P7,no
C000634,67.25,75,5043.75,P6,no
C000635,37.5,25,937.5,P6,yes
C000636,61.32,18,1103.76,P3,no
C000637,67.28,59,3969.52,P8,no
C000638,46.97,70,3287.9,P7,no
C000639,48.85,46,2247.1,P7,no
C000640,56.41,70,3948.7,P6,no
C000641,31.4,25,785.0,P5,yes
C000642,52.55,39,2049.45,P8,no
C000643,44.8,4,179.2,P5,no
C000644,52.92,20,1058.4,P9,no
C000645,38.38,77,2955.26,P9,no
C000646,92.34,3,277.02,P1,no
C000647,71.55,22,1574.1,P6,no
C000648,77.54,14,1085.56,P7,no
C000649,85.24,7,596.68,P3,no
C000650,64.89,40,2595.6,P7,no
C000651,36.08,18,649.44,P7,no
C000652,67.6,45,3042.0,P2,no
C000653,71.08,27,1919.16,P7,yes
C000654,82.18,67,5506.06,P1,no
C000655,60.22,14,843.08,P5,no
C000656,38.93,36,1401.48,P9,no
C000657,49.86,0,0.0,P7,no
C000658,55.42,66,3657.72,P7,no
C000659,75.21,23,1729.83,P2,no
C000660,69.95,26,1818.7,P8,no
C000661,54.93,39,2142.27,P3,no
C000662,99.06,62,6141.72,P8,no
C000663,72.4,60,4344.0,P3,no
C000664,,35,,P7,no
C000665,37.12,23,853.76,P2,no
C000666,40.7,23,936.1,P4,no
C000667,47.22,3,,P6,no
C000668,41.25,66,2722.5,P9,yes
C000669,43.06,33,1420.98,P5,no
C000670,49.96,56,2797.76,P9,no
C000671,42.14,48,2022.72,P5,no
C000672,92.77,52,4824.04,P8,yes
C000673,,22,,P1,no
C000674,66.72,68,4536.96,P7,yes
C000675,58.73,52,3053.96,P4,no
C000676,98.77,61,6024.97,P5,no
C000677,37.84,40,1513.6,P6,no
C000678,,56,,P5,no
C000679,97.86,59,5773.74,P1,yes
C000680,,53,,P9,no
C000681,87.2,69,,P2,no
C000682,48.05,56,2690.8,P9,no
C000683,41.96,9,377.64,P2,no
C000684,76.81,39,2995.59,P9,no
C000685,95.06,6,570.36,P6,no
C000686,68.97,37,2551.89,P9,no
C000687,,60,,P6,no
C000688,49.6,2,99.2,P6,no
C000689,83.86,50,4193.0,P2,yes
C000690,43.09,46,1982.14,P8,no
C000691,52.66,67,3528.22,P3,no
C000692,59.78,75,4483.5,P7,no
C000693,65.53,37,2424.61,P5,no
C000694,46.97,35,1643.95,P3,no
C000695,,40,,P1,no
C000696,72.74,68,4946.32,P8,yes
C000697,50.2,12,602.4,P3,no
C000698,70.69,57,4029.33,P2,yes
C000699,40.81,49,1999.69,P1,no
C000700,63.68,29,1846.72,P4,no
C000701,67.28,61,4104.08,P8,no
C000702,33.63,24,807.12,P3,no
C000703,53.56,26,1392.56,P1,no
C000704,39.41,50,1970.5,P4,no
C000705,34.44,77,2651.88,P9,no
C000706,99.3,56,5560.8,P1,no
C000707,52.56,46,,P2,no
C000708,86.69,38,3294.22,P9,yes
C000709,47.82,15,717.3,P2,no
C000710,77.71,21,1631.91,P3,no
C000711,83.22,53,4410.66,P7,no
C000712,71.69,20,1433.8,P3,no
C000713,63.01,71,4473.71,P9,no
C000714,58.83,15,882.45,P6,yes
C000715,54.42,58,3156.36,P3,no
C000716,95.07,30,2852.1,P9,no
C000717,88.14,41,3613.74,P1,no
C000718,97.55,73,7121.15,P3,no
C000719,38.7,31,1199.7,P1,no
C000720,81.16,58,4707.28,P2,no
C000721,95.68,33,3157.44,P8,no
C000722,42.69,8,,P7,no
C000723,34.65,10,346.5,P2,no
C000724,81.88,9,736.92,P2,no
C000725,70.21,16,1123.36,P9,no
C000726,88.93,67,5958.31,P6,no
C000727,39.78,47,1869.66,P5,no
C000728,85.67,51,,P6,yes
C000729,44.11,24,1058.64,P9,no
C000730,41.46,20,829.2,P7,no
C000731,41.5,64,2656.0,P9,no
C000732,87.02,62,5395.24,P4,yes
C000733,76.56,50,3828.0,P2,no
C000734,66.61,35,2331.35,P8,yes
C000735,55.12,65,3582.8,P4,yes
C000736,91.4,14,1279.6,P9,no
C000737,57.47,38,2183.86,P4,no
C000738,87.16,69,6014.04,P8,no
C000739,60.74,0,0.0,P9,no
C000740,56.39,22,1240.58,P9,no
C000741,62.39,38,,P4,yes
C000742,51.1,56,2861.6,P1,no
C000743,82.33,33,2716.89,P3,no
C000744,65.19,40,2607.6,P9,no
C000745,46.25,72,3330.0,P4,no
C000746,92.97,12,1115.64,P5,no
C000747,56.87,69,3924.03,P7,no
C000748,68.05,5,340.25,P5,no
C000749,93.45,51,4765.95,P4,no
C000750,73.7,2,147.4,P2,no
C000751,38.18,62,2367.16,P2,no
C000752,,48,,P4,no
C000753,73.94,75,5545.5,P9,no
C000754,53.44,46,2458.24,P8,no
C000755,39.75,54,2146.5,P3,yes
C000756,85.58,63,,P9,no
C000757,,64,,P5,yes
C000758,67.34,66,4444.44,P3,no
C000759,92.57,14,1295.98,P5,no
C000760,85.2,31,2641.2,P4,no
C000761,40.62,67,2721.54,P8,no
C000762,51.82,17,880.94,P5,no
C000763,47.39,42,1990.38,P8,no
C000764,82.08,34,2790.72,P9,yes
C000765,32.35,77,2490.95,P4,yes
C000766,69.89,57,3983.73,P7,no
C000767,83.37,32,2667.84,P2,no
C000768,91.37,13,1187.81,P6,no
C000769,53.95,33,1780.35,P8,no
C000770,87.49,60,5249.4,P7,no
C000771,37.74,3,113.22,P7,no
C000772,89.25,58,5176.5,P8,no
C000773,38.92,28,1089.76,P7,no
C000774,57.81,5,289.05,P5,no
C000775,85.81,48,4118.88,P7,no
C000776,40.49,39,1579.11,P3,yes
C000777,46.05,64,2947.2,P5,no
C000778,80.56,68,5478.08,P7,no
C000779,80.4,26,2090.4,P9,no
C000780,74.88,79,5915.52,P2,no
C000781,78.58,5,,P4,no
C000782,67.99,12,815.88,P7,no
C000783,47.63,63,3000.69,P1,no
C000784,54.2,61,3306.2,P2,yes
C000785,42.71,18,768.78,P9,no
C000786,93.59,75,7019.25,P7,no
C000787,70.84,79,5596.36,P7,no
C000788,58.06,42,,P6,yes
C000789,62.34,73,4550.82,P3,no
C000790,96.31,19,1829.89,P3,no
C000791,40.73,67,2728.91,P2,no
C000792,71.04,43,3054.72,P6,no
C000793,65.41,22,1439.02,P4,no
C000794,72.8,1,72.8,P5,no
C000795,31.27,21,656.67,P3,no
C000796,91.05,56,5098.8,P6,no
C000797,95.25,71,6762.75,P3,no
C000798,69.56,6,417.36,P8,no
C000799,,77,,P9,no
C000800,94.57,55,5201.35,P4,no
C000801,79.51,66,5247.66,P9,no
C000802,40.68,15,610.2,P7,yes
C000803,70.34,50,3517.0,P3,yes
C000804,72.47,79,5725.13,P7,no
C000805,59.69,71,4237.99,P1,yes
C000806,81.55,11,897.05,P3,no
C000807,95.41,52,4961.32,P6,no
C000808,94.79,74,7014.46,P4,no
C000809,61.56,4,246.24,P7,no
C000810,,26,,P3,no
C000811,98.94,11,1088.34,P1,no
C000812,88.72,16,1419.52,P9,no
C000813,38.73,5,193.65,P6,no
C000814,94.46,4,377.84,P8,yes
C000815,90.89,56,5089.84,P3,no
C000816,66.32,27,1790.64,P8,no
C000817,71.39,77,5497.03,P2,no
C000818,57.93,68,3939.24,P4,yes
C000819,33.83,58,1962.14,P3,no
C000820,53.46,32,1710.72,P1,no
C000821,86.2,61,,P7,no
C000822,30.32,49,1485.68,P2,no
C000823,53.34,18,960.12,P4,no
C000824,57.87,68,3935.16,P9,no
C000825,67.62,65,4395.3,P6,no
C000826,94.39,46,4341.94,P8,no
C000827,54.24,38,2061.12,P2,yes
C000828,54.29,67,3637.43,P7,no
C000829,81.63,32,2612.16,P6,no
C000830,61.66,12,739.92,P9,no
C000831,45.72,53,2423.16,P7,no
C000832,,6,,P1,no
C000833,,78,,P8,no
C000834,42.35,13,550.55,P3,no
C000835,64.89,18,1168.02,P2,no
C000836,59.32,53,3143.96,P3,yes
C000837,94.04,19,1786.76,P6,no
C000838,55.37,28,1550.36,P3,no
C000839,70.64,23,1624.72,P5,no
C000840,74.26,62,4604.12,P6,no
C000841,30.92,73,,P8,no
C000842,76.45,56,4281.2,P7,no
C000843,42.46,7,297.22,P8,no
C000844,97.27,61,,P3,yes
C000845,40.41,28,1131.48,P4,yes
C000846,59.02,73,4308.46,P6,no
C000847,35.97,16,575.52,P7,no
C000848,99.78,65,6485.7,P9,no
C000849,65.15,5,325.75,P1,no
C000850,71.68,57,4085.76,P8,no
C000851,34.7,68,2359.6,P8,yes
C000852,82.5,27,2227.5,P6,no
C000853,44.69,61,,P4,no
C000854,92.86,40,3714.4,P3,no
C000855,44.36,68,,P3,no
C000856,43.35,40,1734.0,P6,no
C000857,32.56,48,1562.88,P8,no
C000858,63.04,48,3025.92,P7,no
C000859,69.54,75,5215.5,P1,no
C000860,34.6,70,2422.0,P6,no
C000861,84.29,2,168.58,P7,no
C000862,61.73,9,555.57,P7,no
C000863,,34,,P9,no
C000864,60.85,79,4807.15,P5,no
C000865,58.05,1,58.05,P1,no
C000866,69.17,23,1590.91,P2,no
C000867,40.87,73,2983.51,P4,no
C000868,42.73,37,1581.01,P5,no
C000869,90.32,21,1896.72,P9,yes
C000870,96.23,25,2405.75,P1,no
C000871,56.13,42,2357.46,P3,no
C000872,,54,,P5,no
C000873,,38,,P3,no
C000874,58.61,28,1641.08,P4,no
C000875,31.78,19,603.82,P3,no
C000876,40.93,40,1637.2,P4,no
C000877,80.12,53,4246.36,P1,no
C000878,76.12,19,,P8,no
C000879,31.9,18,574.2,P4,no
C000880,45.54,65,2960.1,P7,no
C000881,46.18,29,1339.22,P2,yes
C000882,77.03,52,4005.56,P2,no
C000883,31.38,33,1035.54,P6,no
C000884,37.29,21,783.09,P2,no
C000885,85.99,66,5675.34,P6,no
C000886,42.5,5,212.5,P2,no
C000887,75.69,78,5903.82,P4,no
C000888,46.67,26,1213.42,P7,no
C000889,36.96,9,332.64,P8,no
C000890,47.02,72,3385.44,P3,no
C000891,80.56,47,3786.32,P9,no
C000892,89.9,69,6203.1,P2,no
C000893,88.12,58,5110.96,P8,no
C000894,57.8,58,3352.4,P8,no
C000895,76.77,1,76.77,P4,no
C000896,44.35,28,,P1,no
C000897,50.52,67,3384.84,P1,no
C000898,92.74,64,5935.36,P2,no
C000899,30.91,25,772.75,P9,no
C000900,35.99,9,323.91,P2,no
C000901,44.55,52,2316.6,P2,no
C000902,31.86,78,2485.08,P6,no
C000903,42.7,58,2476.6,P7,no
C000904,70.81,21,1487.01,P7,yes
C000905,59.5,50,2975.0,P9,no
C000906,92.49,47,4347.03,P6,no
C000907,87.22,20,1744.4,P8,no
C000908,53.93,21,1132.53,P6,no
C000909,48.16,29,1396.64,P2,no
C000910,56.58,24,1357.92,P1,no
C000911,71.32,27,1925.64,P5,no
C000912,48.76,64,3120.64,P9,no
C000913,73.69,44,3242.36,P8,no
C000914,58.66,67,3930.22,P4,no
C000915,68.64,6,411.84,P5,no
C000916,60.53,48,2905.44,P5,yes
C000917,50.61,8,404.88,P6,no
C000918,96.39,35,3373.65,P3,no
C000919,83.45,0,0.0,P5,no
C000920,39.81,9,358.29,P2,yes
C000921,90.79,35,3177.65,P1,no
C000922,64.12,72,4616.64,P1,no
C000923,92.62,45,4167.9,P7,no
C000924,85.99,31,2665.69,P2,no
C000925,59.76,31,1852.56,P4,no
C000926,31.57,5,157.85,P5,no
C000927,48.81,47,2294.07,P7,no
C000928,67.91,37,2512.67,P2,no
C000929,74.34,16,1189.44,P6,no
C000930,48.05,73,3507.65,P1,no
C000931,39.75,26,1033.5,P7,no
C000932,88.45,53,4687.85,P9,no
C000933,98.91,49,4846.59,P5,no
C000934,66.8,34,2271.2,P5,no
C000935,42.02,24,1008.48,P4,no
C000936,49.06,27,1324.62,P3,no
C000937,31.29,14,438.06,P9,no
C000938,94.0,3,282.0,P5,no
C000939,38.24,72,2753.28,P8,no
C000940,70.36,26,1829.36,P9,no
C000941,49.18,25,,P5,yes
C000942,68.79,18,1238.22,P9,no
C000943,75.6,16,1209.6,P2,no
C000944,88.08,42,3699.36,P9,no
C000945,44.45,40,1778.0,P4,no
C000946,30.77,41,1261.57,P6,no
C000947,39.58,49,1939.42,P6,yes
C000948,93.0,39,3627.0,P6,no
C000949,91.17,38,3464.46,P2,no
C000950,71.82,22,1580.04,P7,no
C000951,72.04,51,3674.04,P6,no
C000952,76.55,46,3521.3,P1,yes
C000953,42.28,62,2621.36,P2,no
C000954,94.01,68,6392.68,P7,no
C000955,59.31,42,2491.02,P1,no
C000956,56.82,47,2670.54,P1,yes
C000957,66.32,33,2188.56,P1,no
C000958,33.29,39,1298.31,P8,yes
C000959,41.64,74,3081.36,P4,no
C000960,81.66,60,4899.6,P4,no
C000961,35.8,49,1754.2,P2,no
C000962,72.22,66,4766.52,P1,no
C000963,47.17,61,2877.37,P9,no
C000964,57.25,57,,P7,no
C000965,50.21,32,1606.72,P4,no
C000966,54.9,74,4062.6,P6,no
C000967,80.33,15,1204.95,P2,no
C000968,50.8,47,2387.6,P7,yes
C000969,69.65,9,626.85,P2,no
C000970,63.32,37,2342.84,P8,no
C000971,76.46,18,1376.28,P8,no
C000972,95.58,35,3345.3,P1,yes
C000973,81.28,58,4714.24,P8,no
C000974,45.05,62,2793.1,P2,no
C000975,32.18,76,2445.68,P6,no
C000976,48.36,45,2176.2,P1,no
C000977,71.66,2,143.32,P5,no
C000978,33.6,73,2452.8,P7,yes
C000979,64.75,64,4144.0,P1,no
C000980,71.78,7,502.46,P2,no
C000981,53.4,50,2670.0,P7,no
C000982,83.96,72,6045.12,P6,no
C000983,37.46,5,187.3,P3,no
C000984,35.26,38,1339.88,P2,yes
C000985,80.97,59,4777.23,P4,yes
C000986,64.68,27,1746.36,P3,no
C000987,78.19,53,4144.07,P7,no
C000988,60.44,36,2175.84,P8,no
C000989,47.25,8,378.0,P2,no
C000990,87.34,55,4803.7,P7,no
C000991,85.96,58,4985.68,P8,no
C000992,78.63,1,78.63,P6,no
C000993,49.05,60,2943.0,P6,no
C000994,71.32,57,4065.24,P1,no
C000995,,59,,P4,no
C000996,36.41,39,1419.99,P1,no
C000997,94.21,35,3297.35,P4,no
C000998,39.58,36,1424.88,P2,no
C000999,96.52,78,7528.56,P5,no
C001000,61.22,17,1040.74,P9,no
